id,category,prompt,genie_answer,geniex_answer,genie_score,geniex_score,note,genie_ttft_ms,geniex_ttft_ms,genie_tps,geniex_tps,genie_tps_decode,geniex_tps_decode,genie_tps_with_ttft,geniex_tps_with_ttft,genie_generated_tokens,geniex_generated_tokens,genie_decode_ms,geniex_decode_ms,genie_error,geniex_error
1,Factual knowledge,What is gravity?,"Great question!

**Gravity** is a fundamental force of nature that attracts all objects with mass toward one another. It is one of the four fundamental forces in the universe (along with electromagnetism, the strong force, and the weak force).

### How Gravity Works:
Gravity arises from the fact that **mass** and **energy** create a curvature in space-time. According to Einstein’s theory of **general relativity**, massive objects like planets, stars, and even a single grain of sand bend the fabric of space-time around them. Other objects move along these curved paths, which we perceive as a force of attraction — gravity.

For example:
- The Earth pulls objects toward its center, which is why things fall when dropped.
- The Moon is held in orbit around Earth due to gravity.
- Planets orbit the Sun because the Sun’s massive gravity pulls them.

### Everyday Examples:
- A ball falls to the ground because of Earth's gravity.
- A satellite stays in orbit because Earth's gravity keeps it from flying off into space.
- The strength of gravity depends on the mass of the object — the more massive it is, the stronger its gravitational pull.

### Gravitational Fields:
- The **strength** of gravity is strongest near massive objects.
- It is weaker at greater distances (gravity follows an inverse-square law: strength decreases with the square of distance).
- On Earth’s surface, gravity is about **9.8 meters per second squared (m/s²)** — this is called **acceleration due to gravity**.

### Other Notes:
- Gravity is the **weakest** of the four fundamental forces, but it acts over vast distances and governs the large-scale structure of the universe, such as galaxies and the cosmos.
- Scientists study **gravitational waves** (ripples in space-time caused by massive events like black hole collisions) and **gravitational lensing** (when light bends around massive objects).

In short:  
👉 **Gravity is the force that pulls objects toward each other because of their mass. It keeps us on Earth, governs planetary motion, and shapes the universe.**

Would you like to know more about how gravity works in space, or how it relates to other forces? 😊","Gravity is a fundamental force of nature that attracts all objects with mass toward one another. It is one of the four fundamental forces in the universe, along with electromagnetism, the strong force, and the weak force.

### How Gravity Works:
Gravity arises from the **mass** of objects. Any object with mass warps the fabric of space-time, and this curvature causes other objects to move toward it. This concept was developed by Albert Einstein in his theory of **general relativity**. In simpler terms, gravity is the force that makes objects fall toward the Earth, keeps planets in orbit around the Sun, and holds moons in orbit around planets.

### Key Points:
- **On Earth**: Gravity is what gives objects weight and causes them to fall toward the ground when dropped. The acceleration due to gravity near Earth’s surface is about **9.8 meters per second squared (m/s²)**.
- **On other celestial bodies**: The strength of gravity varies depending on mass and distance. For example, the Moon has only about 1/6th of Earth’s gravity.
- **General Relativity**: Gravity is not just a force—it is the curvature of space-time caused by mass and energy.
- **Gravitational fields**: Massive objects create a gravitational field, and any object within that field experiences a pull.

### Examples:
- A ball dropped from a height falls to the ground because of gravity.
- The Earth orbits the Sun due to the Sun’s gravity.
- Planets orbit the Sun because the Sun’s gravity pulls them in.

### Other Forms of Gravity:
- **Gravitational waves**: Ripples in space-time caused by massive accelerating objects (e.g., colliding black holes).
- **Black holes**: Extremely dense objects where gravity becomes so strong that not even light can escape.

### Summary:
**Gravity is the force of attraction between objects with mass, responsible for pulling things toward one another and shaping the motion of planets, stars, and galaxies.**

It's a key concept in both classical physics and modern cosmology.",,,,135.50,107.18,16.85,17.17,16.85,17.17,16.80,17.09,452,414,26772.51,24110.97,,
2,Factual knowledge,What is a llama?,"A **llama** is a large, domesticated South American camelid known for its long, thick fur and a distinctive, upright profile. It is native to the Andean regions of South America, particularly in countries like Peru, Bolivia, and Ecuador.

Here are some key facts about a llama:

- **Species**: The most common species is *Vicugna pacos* (though often referred to as *Lama pacos* in common usage).  
- **Size and Appearance**: Llamas are about 1.5 to 2.5 feet (45–75 cm) tall at the shoulder and weigh between 300 to 500 pounds (135–225 kg). They have long, thick fur, a long neck, and a prominent, slightly upturned head.  
- **Behavior**: Llamas are generally calm, social, and strong-willed. They are intelligent and can be trained to carry goods or even to pull carts.  
- **Uses**: Llamas are commonly used as **working animals** in the Andes to carry supplies, pull carts, or serve as pack animals. In some regions, they also provide wool and can be used for meat or as livestock.  
- **Farming and Agriculture**: Llamas are often raised in agriculture and ranching in South America. In some areas, they are also kept for their wool, which is used to make sweaters, scarves, and other textile products.  
- **Cultural Significance**: In native Andean cultures, the llama has been a key part of the culture and economy for thousands of years. It is also a symbol of South America and is featured in many traditional art, literature, and even modern pop culture.  

In short: A **llama** is a domesticated animal from South America that is both a working animal and a source of wool, meat, and cultural significance.

💡 Fun fact: The word ""llama"" comes from the Quechua word *llama*, which may have meant “warrior” or “man.” This may be because llamas were used by indigenous people to fight off wild animals or as a form of protection.","A **llama** is a large, even-tempered mammal native to the Andes Mountains of South America, particularly in countries like Peru, Bolivia, and Chile. It is a member of the camelid family, which also includes camels, alpacas, and vicuñas.

Key facts about a llama:

- **Size and Appearance**: Llamas are generally smaller than camels, standing about 4 to 5 feet tall at the shoulder. They have long, coarse fur, a long neck, a flat face, and a distinctive long, thick tail. Their coloration can vary from gray to black, white, or brown.

- **Behavior**: Llamas are generally calm and gentle, making them popular as domesticated animals. They are social animals and often form herds.

- **Diet**: Llamas are herbivores and primarily eat grasses, shrubs, and leaves.

- **Uses**:  
  - Llamas are raised for their **wool** (called *alpaca* wool is more common, but llamas also produce a coarser wool) and for **transportation** (as pack animals), especially in the Andes.  
  - They are also used in **agriculture**, **tourism**, and **as companions** in rural areas.

- **Interesting Facts**:  
  - Llamas have a unique ability to **crouch down** and **press their backs against their legs** to form a small, compact shape—useful for protection or resting.  
  - They can **climb steep terrain** and **carry heavy loads** (up to 30 pounds), making them useful as pack animals.  
  - Llamas can be trained to **protect livestock** from predators such as wild dogs and coyotes.

- **Llama vs. Alpaca**:  
  While both are camelids, **llamas** are larger, have a more robust build, and are used more as pack animals. **Alpacas** are smaller, have softer and more luxurious wool, and are mainly raised for their fleece.

In short: A **llama is a domesticated South American animal** known for its gentle nature, strong build, and usefulness in carrying goods across rugged terrain.",,,,127.54,137.85,15.24,16.94,15.24,16.94,15.21,16.86,454,468,29726.14,27622.63,,
3,Factual knowledge,How do you define a biological cell?,"A **biological cell** is the basic structural and functional unit of living organisms. It is the smallest unit capable of carrying out all life processes necessary for life, such as metabolism, growth, response to stimuli, and reproduction.

All living organisms—whether they are bacteria, plants, animals, or fungi—are composed of one or more cells. Cells are the building blocks of life and perform specialized functions depending on the type of organism and cell.

### Key features of a biological cell:
-**Cell membrane (plasma membrane):** A semi-permeable lipid bilayer that regulates what enters and exits the cell, maintaining internal balance.
-**Cytoplasm:** A gel-like substance inside the cell where metabolic processes occur.
-**Genetic material (DNA):** Stored within the nucleus (in eukaryotic cells) or nucleoid (in prokaryotic cells), it carries genetic information.
-**Organelles:** Specialized structures such as mitochondria, endoplasmic reticulum, Golgi apparatus, lysosomes, chloroplasts (in plants), and more—each with specific functions.
-**Cell wall (in plants and some bacteria):** A rigid layer outside the membrane that provides structural support and protection.

### Two main types of cells:
1. **Prokaryotic cells**  
   - Lack a nucleus and membrane-bound organelles.  
   - Found in bacteria and archaea.  
   - DNA is located in the cytoplasm.

2. **Eukaryotic cells**  
   - Have a true nucleus enclosed by a membrane and membrane-bound organelles.  
   - Found in plants, animals, fungi, and protists.  
   - Examples include human cells, plant cells with chloroplasts, and nerve cells.

### Functions of a cell:
- **Metabolism:** Chemical reactions that sustain life (e.g., digestion, energy production).
- **Growth and development:** Cells grow and divide to form tissues, organs, and organisms.
- **Response to environment:** Cells detect and react to stimuli such as light, temperature, or chemicals.
- **Reproduction:** Cells divide to produce new cells.

In summary, a **biological cell** is the fundamental unit of life, capable of carrying out the essential functions needed for survival, and all living organisms are built from cells.","A **biological cell** is the fundamental structural and functional unit of life in all living organisms. It is the smallest unit that can independently carry out all life processes—such as metabolism, growth, reproduction, and response to stimuli—necessary for life.

### Key Characteristics of a Biological Cell:

1. **Basic Structure**:  
   Cells are typically composed of a plasma membrane (a phospholipid bilayer), cytoplasm (a gel-like substance inside the membrane), and a nucleus (in eukaryotic cells) or a central control region (in prokaryotic cells).

2. **Types of Cells**:  
   - **Prokaryotic cells** (e.g., bacteria): Lack a nucleus and membrane-bound organelles.  
   - **Eukaryotic cells** (e.g., plant and animal cells): Have a nucleus and membrane-bound organelles (like mitochondria, Golgi apparatus, endoplasmic reticulum).

3. **Functions**:  
   - Carry out metabolic processes (e.g., respiration, photosynthesis).  
   - Grow, develop, and reproduce.  
   - Respond to environmental stimuli.  
   - Maintain homeostasis and communicate with other cells.

4. **Cell Types in Organisms**:  
   - **Plant cells**: Have a rigid cell wall, large central vacuole, and chloroplasts.  
   - **Animal cells**: Lack a cell wall, have more flexible shape, and often contain centrosomes.  
   - **Bacteria**: Prokaryotic, single-celled, and simple in structure.

5. **Cell Theory (fundamental principles)**:  
   - All living organisms are composed of one or more cells.  
   - The cell is the basic unit of life.  
   - All cells arise from pre-existing cells.

In summary, a **biological cell** is the smallest unit capable of independent life, serving as the foundation for all living organisms and enabling the processes necessary for life.",,,,137.06,122.06,15.52,17.02,15.52,17.02,15.48,16.94,479,411,30804.43,24145.69,,
4,Factual knowledge,Can you explain what a latte is?,"Certainly! A **latte** is a popular coffee drink made with *espresso* and *steamed milk*. It's one of the most beloved and widely consumed coffee beverages, especially in cafes and in the morning or midday routines.

Here’s a breakdown of what a latte is:

### Ingredients:
- **Espresso**: A concentrated coffee made by forcing hot water through finely ground coffee beans. It forms the base of the latte and provides the rich, bold flavor.
- **Milk**: Typically whole milk, but whole, skim, or even oat milk can be used. The milk is steamed (heated to a warm, smooth temperature) and then poured over the espresso.
- **Sweeteners or flavorings**: Sometimes a touch of sugar, vanilla, or cocoa is added, though traditionally a latte is plain.

### How it’s made:
1. A shot of espresso is poured into a cup.
2. Hot, steamed milk is slowly poured over the espresso in a controlled manner (sometimes with a spoon to achieve a smooth, creamy texture).
3. The result is a creamy, smooth drink with a balanced blend of coffee and milk—rich in flavor but less intense than a cappuccino.

### Key differences from similar drinks:
- **Latte** vs. **Cappuccino**:  
  - A latte has more milk and less foam than a cappuccino.  
  - A cappuccino has a thicker, more foamy top.  
  - A latte is usually served with a smooth, silky texture.
  
- **Latte** vs. **Milkshake**:  
  - A latte is a coffee-based drink, not a dessert.  
  - It is not sweetened or flavored like a milkshake.

### Serving size:
A standard latte is about 8–12 oz (240–350 ml), though sizes can vary.

### Why it’s popular:
- It’s easy to make, affordable, and widely available.
- It has a smooth, creamy, slightly sweet taste that's perfect for a relaxed morning or a cozy afternoon.

### Cultural significance:
Lattes are especially popular in Italy and the U.S., where they're a staple in coffee culture. They're often enjoyed as a standalone drink, sometimes with a splash of sugar or syrup, or even served in a tall glass with a few drops of vanilla.

So, in short:  
A **latte** is a coffee drink made with espresso and steamed milk—creamy, smooth, and satisfying. It’s one of the most accessible and beloved coffee beverages in the world. ☕️😊","Sure! A **latte** is a popular coffee beverage made with **espresso** and **steamed milk**. It's one of the most common and beloved coffee drinks, especially in the morning or as a midday treat.

Here’s a breakdown of what makes a latte:

- **Espresso base**: The latte starts with a small amount of espresso — typically a single shot (about 1 ounce or 30 ml) — which provides a rich, concentrated flavor and strong aroma.

- **Steamed milk**: The espresso is then combined with **steamed milk**, which is milk heated to a smooth, velvety texture (not boiling) to create a creamy, smooth consistency. The milk is usually poured over the espresso in a glass or cup.

- **Ratio**: A typical latte is made with about **1/3 espresso and 2/3 steamed milk**. The total volume is around 8–12 ounces (240–350 ml), depending on the size.

- **Optional additions**: Some lattes may include a touch of sugar or flavored milk (like vanilla or oat), but the classic latte is simple and clean.

The name ""latte"" comes from the Italian word *latte*, meaning ""milk"" — a nod to the fact that it's a milk-based drink.

### How it’s different from other drinks:
- **Cappuccino**: Contains equal parts espresso and steamed milk, with a little more foam and a slightly stronger espresso flavor.
- **Milkshake or cold brew**: These are different in texture and preparation.

### Why people like it:
- It’s smooth and creamy
- It’s slightly less bitter than a strong espresso
- It’s easy to enjoy in a variety of sizes (e.g., small, large, or ""double"")

So, in short:  
A **latte** is a coffee drink made with **espresso and steamed milk**, known for its creamy, balanced taste and smooth texture. It’s a great choice for anyone looking to enjoy coffee with a mild, comforting finish. ☕😊",,,,122.64,123.04,14.62,16.97,14.62,16.97,14.60,16.89,548,437,37424.13,25752.23,,
5,Factual knowledge,What is a microcontroller?,"A **microcontroller** is a small, integrated circuit containing a complete computer system on a single chip. It combines several key components essential to processing and control functions into one compact package. These components typically include:

- A central processing unit (CPU) — the ""brain"" that executes instructions  
- Memory units — including random-access memory (RAM) and read-only memory (ROM) for storing data and programs  
- Input/output (I/O) ports — for connecting to sensors, motors, buttons, displays, and other external devices  
- Clock and timing circuits — to synchronize operations  
- Analog-to-digital (A/D) and digital-to-analog (D/A) converters — for interfacing with analog signals  
- Peripheral modules — such as timers, counters, serial communication ports, and real-time clocks  

### Key Features of a Microcontroller:
- Designed for **specific control tasks**, such as in sensors, motors, or home appliances  
- Highly **integrated** and **cost-effective** for simple, real-time tasks  
- Often used in **embedded systems** where reliability, low power, and simplicity are essential  

### Common Applications:
- Smart home devices (e.g. thermostats, lights)  
- Car engines and sensors  
- Washing machines and home appliances  
- Medical devices and wearable technology  
- Industrial control systems  
- Consumer electronics (e.g. remote controls, digital clocks)  

### Examples of Microcontrollers:
- **Arduino** (like Arduino Uno)  
- **STM32** (from STMicroelectronics)  
- **ATmega** (from Atmel)  
- **PIC** (from Microchip)  

Microcontrollers are essential in modern life because they make systems more efficient, compact, and energy-efficient compared to using a general-purpose computer. They are especially useful where **low power consumption, real-time response, and cost-efficiency** are critical.  

In short:  
👉 A **microcontroller is a complete, mini-computer on a single chip, designed to control specific electronic systems with minimal power and cost.**","A **microcontroller** is a small, integrated circuit designed to act as a ""mini computer"" or ""microcomputer"" on a single chip. It contains a processor (central processing unit or CPU), memory (both RAM and ROM), input/output (I/O) interfaces, and various peripherals (like timers, counters, analog-to-digital converters, and communication modules) all built into one physical chip.

### Key Features of a Microcontroller:
- **Central Processing Unit (CPU):** Executes instructions and performs calculations.
- **Memory:** Includes program memory (for storing code) and data memory (for variables and temporary values).
- **Peripherals:** Specialized components that allow the microcontroller to interact with the physical world — such as sensors, motors, displays, or communication ports (e.g., UART, SPI, I2C).
- **On-chip design:** All components are integrated, making microcontrollers compact, low-power, and cost-effective.

### Common Uses:
- In everyday devices like **toasters**, **light switches**, **stoves**, **automobiles**, and **home appliances**.
- In **embedded systems** like smart thermostats, washing machines, and industrial control systems.
- In consumer electronics such as **smartphones**, **watches**, and **remote controls**.

### Example Applications:
- A smart thermostat that turns on/off a heater based on temperature.
- A motor speed controller in a robot.
- A wireless sensor in a security system.

### Comparison with a Microprocessor:
- A **microcontroller** is designed primarily for **embedded applications**, with a focus on real-time control and low power.
- A **microprocessor** (like in a computer) is more general-purpose and often requires external memory and peripherals.

### Summary:
A **microcontroller is a small, self-contained computer on a single chip** that can control and monitor physical devices and systems. It is ideal for simple, real-time tasks where low power, cost-efficiency, and reliability are important.",,,,122.27,133.32,16.96,17.48,16.96,17.48,16.92,17.38,420,409,24707.71,23399.39,,
